,atom_num,mean_weight
0,0,-0.15121160447597504
1,1,-0.21752943098545074
2,2,-0.19131168723106384
3,3,-0.17390768229961395
4,4,-0.16814732551574707
5,5,-0.16157865524291992
6,6,-0.1721549928188324
7,7,-0.10336001217365265
8,8,-0.089264415204525
9,9,-0.1027749702334404
10,10,-0.04658706486225128
