,atom_num,mean_weight
0,0,-0.48942241072654724
1,1,-0.618147075176239
2,2,-0.601391077041626
3,3,-0.6496249437332153
4,4,-0.5124233961105347
5,5,-0.42407840490341187
6,6,-0.2895372807979584
7,7,-0.41460296511650085
8,8,-0.2258257269859314
9,9,-0.1655864417552948
10,10,-0.16896364092826843
11,11,-0.20706643164157867
12,12,-0.26709428429603577
