,atom_num,mean_weight
0,0,0.10577693581581116
1,1,0.07486879080533981
2,2,0.04308735206723213
3,3,0.019518742337822914
4,4,-0.07126408070325851
5,5,-0.17058518528938293
6,6,-0.17981046438217163
7,7,-0.18075431883335114
8,8,-0.19631384313106537
9,9,-0.18075431883335114
10,10,-0.17981046438217163
11,11,-0.16518446803092957
12,12,-0.10472975671291351
13,13,-0.1047258973121643
