,atom_num,mean_weight
0,0,-0.15674765408039093
1,1,-0.17932890355587006
2,2,-0.21856088936328888
3,3,-0.26080337166786194
4,4,-0.2029135674238205
5,5,-0.21856087446212769
6,6,-0.17932888865470886
7,7,-0.15674763917922974
8,8,-0.25048473477363586
9,9,-0.2652401924133301
10,10,-0.23888856172561646
11,11,-0.21524623036384583
12,12,-0.24549511075019836
13,13,-0.21524624526500702
14,14,-0.23888857662677765
15,15,-0.23172429203987122
16,16,-0.15539060533046722
17,17,-0.1556398570537567
