,atom_num,mean_weight
0,0,-0.27910205721855164
1,1,-0.3309634327888489
2,2,-0.26694101095199585
3,3,-0.1952924132347107
4,4,-0.1259610801935196
5,5,-0.13927282392978668
6,6,-0.05642204359173775
7,7,-0.20800867676734924
8,8,-0.3110755980014801
9,9,-0.44744712114334106
10,10,-0.3529819846153259
11,11,-0.3612281084060669
12,12,-0.33277270197868347
13,13,-0.2417183518409729
14,14,-0.12638649344444275
15,15,-0.2396659106016159
