,atom_num,mean_weight
0,0,-0.22299161553382874
1,1,-0.30283665657043457
2,2,-0.23071971535682678
3,3,-0.2476588934659958
4,4,-0.13921818137168884
5,5,-0.30641189217567444
6,6,-0.2278817892074585
7,7,-0.22401589155197144
8,8,-0.22299161553382874
