,atom_num,mean_weight
0,0,-0.2315404862165451
1,1,-0.27039748430252075
2,2,-0.2083662450313568
3,3,-0.14936795830726624
4,4,-0.1414903700351715
5,5,-0.08875907957553864
6,6,-0.13125452399253845
7,7,-0.1518663465976715
8,8,-0.22660425305366516
9,9,-0.2695547640323639
10,10,-0.34535786509513855
11,11,-0.28656435012817383
12,12,-0.09295591711997986
13,13,-0.034743521362543106
14,14,-0.14796651899814606
