,atom_num,mean_weight
0,0,-0.1341899335384369
1,1,-0.18585507571697235
2,2,-0.2494034469127655
3,3,-0.23599949479103088
4,4,-0.2417801320552826
5,5,-0.2750360071659088
6,6,-0.2417801320552826
7,7,-0.2359994649887085
8,8,-0.21305689215660095
9,9,-0.1754606068134308
10,10,-0.168535515666008
11,11,-0.10749553143978119
