,atom_num,mean_weight
0,0,-0.2403625100851059
1,1,-0.32817038893699646
2,2,-0.21434924006462097
3,3,-0.09422505646944046
4,4,-0.2408740073442459
5,5,-0.39432698488235474
6,6,-0.4498577415943146
7,7,-0.4253052771091461
8,8,-0.3020271360874176
9,9,-0.32510805130004883
10,10,-0.2838778793811798
