,atom_num,mean_weight
0,0,0.020755793899297714
1,1,-0.0030629101675003767
2,2,-0.02230069413781166
3,3,-0.10036881268024445
4,4,-0.16203060746192932
5,5,-0.24474318325519562
6,6,-0.23654717206954956
7,7,-0.2472383677959442
8,8,-0.2707546055316925
9,9,-0.3253207206726074
10,10,-0.2554771602153778
11,11,-0.23525898158550262
12,12,-0.0030629090033471584
13,13,0.020755793899297714
14,14,-0.0030629110988229513
15,15,0.020755793899297714
