,atom_num,mean_weight
0,0,0.006306394003331661
1,1,-0.006067775655537844
2,2,0.011546744033694267
3,3,-0.07169407606124878
4,4,-0.14946193993091583
5,5,-0.20483270287513733
6,6,-0.23736503720283508
7,7,-0.2373650223016739
8,8,-0.20483271777629852
9,9,-0.14946193993091583
10,10,-0.07169406861066818
11,11,-0.0060677784495055676
12,12,0.011546739377081394
13,13,0.006306390278041363
