,atom_num,mean_weight
0,0,-0.07555423676967621
1,1,-0.16262540221214294
2,2,-0.2001703679561615
3,3,-0.2049982100725174
4,4,-0.22699272632598877
5,5,-0.239491805434227
6,6,-0.27055680751800537
7,7,-0.2469465434551239
8,8,-0.23163503408432007
9,9,-0.2469578981399536
10,10,-0.24956893920898438
11,11,-0.2449546456336975
12,12,-0.22468990087509155
13,13,-0.23053617775440216
14,14,-0.2530059516429901
15,15,-0.26279592514038086
16,16,-0.2530059516429901
17,17,-0.23053616285324097
