,atom_num,mean_weight
0,0,-0.4546698033809662
1,1,-0.57267165184021
2,2,-0.5393500328063965
3,3,-0.5114517211914062
4,4,-0.497772753238678
5,5,-0.4920092523097992
6,6,-0.4886800944805145
7,7,-0.4886801242828369
8,8,-0.49200937151908875
9,9,-0.49777278304100037
10,10,-0.5114517211914062
11,11,-0.539350152015686
12,12,-0.57267165184021
13,13,-0.4546697735786438
