,atom_num,mean_weight
0,0,-0.3506770431995392
1,1,-0.3358807861804962
2,2,-0.2907620966434479
3,3,-0.3271973729133606
4,4,-0.2907620966434479
5,5,-0.3358808159828186
6,6,-0.24950501322746277
7,7,-0.22090019285678864
8,8,-0.244561105966568
9,9,-0.2529636323451996
10,10,-0.24456115067005157
11,11,-0.22090019285678864
12,12,-0.2965760827064514
13,13,-0.26627403497695923
14,14,-0.27971744537353516
15,15,-0.2839491367340088
16,16,-0.27971741557121277
17,17,-0.26627400517463684
