,atom_num,mean_weight
0,0,-0.09655973315238953
1,1,-0.09384757280349731
2,2,-0.04256783053278923
3,3,-0.10565121471881866
4,4,-0.15118977427482605
5,5,-0.10957111418247223
6,6,-0.15531474351882935
7,7,-0.14469990134239197
8,8,-0.18757840991020203
9,9,-0.2188330590724945
10,10,-0.20662598311901093
11,11,-0.19626455008983612
12,12,-0.2211093306541443
13,13,-0.19828632473945618
14,14,-0.2239411175251007
15,15,-0.151795893907547
16,16,-0.15235023200511932
