,atom_num,mean_weight
0,0,-0.323174387216568
1,1,-0.3856986165046692
2,2,-0.32551348209381104
3,3,-0.2830393314361572
4,4,-0.2176995873451233
5,5,-0.17125435173511505
6,6,-0.1572289913892746
7,7,-0.15994420647621155
8,8,-0.1958993524312973
9,9,-0.1202763244509697
10,10,-0.08827053755521774
11,11,-0.08263908326625824
