,atom_num,mean_weight
0,0,-0.16598296165466309
1,1,-0.19996091723442078
2,2,-0.21577399969100952
3,3,-0.2529469430446625
4,4,-0.2281920313835144
5,5,-0.2114899456501007
6,6,-0.2063644826412201
7,7,-0.2114899456501007
8,8,-0.22819200158119202
9,9,-0.10023398697376251
10,10,-0.030466269701719284
11,11,-0.009720002301037312
12,12,0.011483881622552872
13,13,0.04634779691696167
14,14,0.04634500667452812
15,15,0.025447694584727287
