,atom_num,mean_weight
0,0,-0.3855997323989868
1,1,-0.46163058280944824
2,2,-0.37379205226898193
3,3,-0.2619667947292328
4,4,-0.19086281955242157
5,5,-0.0004656812525354326
6,6,0.06393307447433472
7,7,-0.26647183299064636
8,8,-0.25159603357315063
