,atom_num,mean_weight
0,0,-0.043657973408699036
1,1,-0.1154274269938469
2,2,-0.15303781628608704
3,3,-0.2103201448917389
4,4,-0.221096009016037
5,5,-0.21426862478256226
6,6,-0.15588144958019257
7,7,-0.15340718626976013
8,8,-0.1978091597557068
9,9,-0.18546335399150848
10,10,-0.20079825818538666
11,11,-0.13731130957603455
12,12,-0.1481824815273285
13,13,-0.18626664578914642
14,14,-0.1979614943265915
15,15,-0.21483947336673737
16,16,-0.19462093710899353
17,17,-0.15279774367809296
