,atom_num,mean_weight
0,0,-0.31120169162750244
1,1,-0.3986230194568634
2,2,-0.39188647270202637
3,3,-0.39862310886383057
4,4,-0.3112017512321472
