,atom_num,mean_weight
0,0,-0.4505273699760437
1,1,-0.6703326106071472
2,2,-0.45140424370765686
3,3,-0.4505273699760437
