,atom_num,mean_weight
0,0,-0.35399171710014343
1,1,-0.4479336738586426
2,2,-0.33269500732421875
3,3,-0.2449730932712555
4,4,-0.2236921489238739
5,5,-0.2597244381904602
6,6,-0.33222872018814087
7,7,-0.2100672721862793
8,8,-0.10896357893943787
9,9,-0.10128901153802872
10,10,-0.04773031920194626
11,11,-0.11113335192203522
12,12,-0.24255682528018951
13,13,-0.2286253422498703
14,14,-0.2391071617603302
15,15,-0.2454029619693756
16,16,-0.2391071617603302
17,17,-0.2286253273487091
