,atom_num,mean_weight
0,0,-0.2394915670156479
1,1,-0.3673095703125
2,2,-0.3861014246940613
3,3,-0.2765101194381714
4,4,-0.41006040573120117
5,5,-0.23563113808631897
6,6,-0.23563113808631897
7,7,-0.4132598042488098
8,8,-0.4108191728591919
9,9,-0.39473941922187805
10,10,-0.22870604693889618
11,11,-0.22870606184005737
12,12,-0.24473387002944946
13,13,-0.24473392963409424
14,14,-0.2454352229833603
15,15,-0.24543523788452148
