,atom_num,mean_weight
0,0,-0.04338255152106285
1,1,-0.10622920095920563
2,2,-0.14866559207439423
3,3,-0.1992480754852295
4,4,-0.24193157255649567
5,5,-0.18466666340827942
6,6,-0.1212749034166336
7,7,-0.12127488851547241
8,8,-0.10622920840978622
9,9,-0.14866560697555542
10,10,-0.1992480754852295
11,11,-0.04338255897164345
