,atom_num,mean_weight
0,0,-0.237983837723732
1,1,-0.24203471839427948
2,2,-0.2256699800491333
3,3,-0.21849370002746582
4,4,-0.19808463752269745
5,5,-0.2036823034286499
6,6,-0.12317376583814621
7,7,-0.14396223425865173
8,8,-0.16343873739242554
