,atom_num,mean_weight
0,0,-0.2512253522872925
1,1,-0.3190828263759613
2,2,-0.25278082489967346
3,3,-0.2015962302684784
4,4,-0.2144799530506134
5,5,-0.20001500844955444
6,6,-0.2442137598991394
7,7,-0.178852379322052
8,8,-0.10734979808330536
9,9,-0.10704205930233002
10,10,-0.1305089145898819
