,atom_num,mean_weight
0,0,-0.31358593702316284
1,1,-0.38053515553474426
2,2,-0.3399689197540283
3,3,-0.28445741534233093
4,4,-0.2472030073404312
5,5,-0.24094755947589874
6,6,-0.19355624914169312
7,7,-0.15229173004627228
8,8,-0.13083979487419128
9,9,-0.15229173004627228
10,10,-0.19355623424053192
11,11,-0.02145462855696678
12,12,0.038406357169151306
13,13,0.03710838034749031
14,14,0.03857220336794853
