,atom_num,mean_weight
0,0,-0.04955487698316574
1,1,-0.06709486246109009
2,2,-0.049364715814590454
3,3,-0.017138071358203888
4,4,0.0024522808380424976
5,5,-0.06750646978616714
6,6,-0.09974848479032516
7,7,-0.15975597500801086
8,8,-0.1364358812570572
9,9,-0.1269441694021225
10,10,-0.0980309396982193
11,11,-0.12755519151687622
12,12,0.03179546073079109
