,atom_num,mean_weight
0,0,-0.06821464002132416
1,1,-0.12652693688869476
2,2,-0.09781136363744736
3,3,-0.1429874747991562
4,4,-0.08103030174970627
5,5,-0.24745023250579834
6,6,-0.303157240152359
7,7,-0.2053552269935608
8,8,-0.1870451122522354
9,9,-0.1924714595079422
10,10,-0.20407748222351074
11,11,-0.20407745242118835
12,12,-0.15308095514774323
