,atom_num,mean_weight
0,0,-0.3485742211341858
1,1,-0.49309831857681274
2,2,-0.4066716432571411
3,3,-0.38377687335014343
4,4,-0.45796820521354675
5,5,-0.49279433488845825
6,6,-0.4314577579498291
7,7,-0.3533964157104492
8,8,-0.45796817541122437
9,9,-0.38377687335014343
10,10,-0.40667158365249634
11,11,-0.49309831857681274
12,12,-0.4314577579498291
13,13,-0.49279433488845825
14,14,-0.3533964455127716
15,15,-0.3485742211341858
