,atom_num,mean_weight
0,0,-0.4728623628616333
1,1,-0.4728623628616333
2,2,-0.4728623330593109
3,3,-0.4728623032569885
4,4,-0.4728623330593109
5,5,-0.4728623032569885
6,6,-0.3212839961051941
7,7,-0.3212839663028717
8,8,-0.3212839663028717
9,9,-0.3212839663028717
10,10,-0.3212839961051941
11,11,-0.3212839663028717
