,atom_num,mean_weight
0,0,-0.06576476246118546
1,1,-0.09037577360868454
2,2,-0.24449220299720764
3,3,-0.36504003405570984
4,4,-0.2265857756137848
5,5,-0.22658580541610718
6,6,-0.31879371404647827
7,7,-0.33577802777290344
8,8,-0.31879371404647827
9,9,-0.3650399446487427
10,10,-0.2265857309103012
11,11,-0.2265857309103012
