,atom_num,mean_weight
0,0,-0.07540936768054962
1,1,-0.12859579920768738
2,2,-0.11985307931900024
3,3,-0.1317581981420517
4,4,-0.14361795783042908
5,5,-0.1317581832408905
6,6,-0.11985310167074203
7,7,-0.1373598277568817
8,8,-0.06015884131193161
9,9,-0.18775929510593414
10,10,-0.2220933586359024
11,11,-0.1699955314397812
12,12,-0.18112348020076752
13,13,-0.19491419196128845
14,14,-0.21422603726387024
15,15,-0.2666771709918976
16,16,-0.1981380134820938
17,17,-0.15065445005893707
