,atom_num,mean_weight
0,0,-0.16869600117206573
1,1,-0.1947047859430313
2,2,-0.18152472376823425
3,3,-0.17545829713344574
4,4,-0.14602375030517578
5,5,-0.16642920672893524
6,6,-0.14480090141296387
7,7,-0.11696628481149673
8,8,-0.16155779361724854
9,9,-0.19735008478164673
10,10,-0.16996657848358154
11,11,-0.23932120203971863
12,12,-0.3555298149585724
13,13,-0.24111108481884003
14,14,-0.24111108481884003
15,15,-0.24111105501651764
