,atom_num,mean_weight
0,0,-0.36903834342956543
1,1,-0.4137360751628876
2,2,-0.4252079725265503
3,3,-0.4663103520870209
4,4,-0.4684843122959137
5,5,-0.32415083050727844
6,6,-0.3295833468437195
7,7,-0.5065768361091614
8,8,-0.4659050703048706
9,9,-0.46663662791252136
10,10,-0.5088600516319275
11,11,-0.5457797050476074
12,12,-0.3411386013031006
13,13,-0.3411386013031006
14,14,-0.31000399589538574
15,15,-0.32124871015548706
16,16,-0.32133471965789795
17,17,-0.30703186988830566
