,atom_num,mean_weight
0,0,-0.1717040240764618
1,1,-0.25523120164871216
2,2,-0.17118512094020844
3,3,-0.2703014016151428
4,4,-0.24697056412696838
5,5,-0.252078652381897
6,6,-0.27417394518852234
7,7,-0.2343856245279312
8,8,-0.22539982199668884
9,9,-0.17730613052845
10,10,-0.14722412824630737
11,11,-0.20517589151859283
12,12,-0.12231259047985077
13,13,-0.17986032366752625
14,14,-0.26225361227989197
15,15,-0.16680315136909485
