,atom_num,mean_weight
0,0,0.16459299623966217
1,1,0.24573099613189697
2,2,0.019033564254641533
3,3,-0.21245190501213074
4,4,-0.25387042760849
5,5,-0.32289716601371765
6,6,-0.4144030213356018
7,7,-0.32289716601371765
8,8,-0.2538704574108124
9,9,-0.30785706639289856
10,10,0.21776999533176422
11,11,0.16459298133850098
