,atom_num,mean_weight
0,0,0.05811050534248352
1,1,0.09412997961044312
2,2,0.05562741309404373
3,3,0.06484740972518921
4,4,-0.01699972152709961
5,5,-0.13224634528160095
6,6,-0.23650085926055908
7,7,-0.3073521554470062
8,8,-0.2777915298938751
9,9,-0.16772101819515228
10,10,-0.13987579941749573
11,11,-0.14791342616081238
12,12,-0.168331116437912
13,13,-0.12049420177936554
14,14,-0.12091527879238129
