,atom_num,mean_weight
0,0,-0.4381854236125946
1,1,-0.6594852805137634
2,2,-0.6594853401184082
3,3,-0.4381854832172394
4,4,-0.4381853938102722
5,5,-0.4381854236125946
