,atom_num,mean_weight
0,0,0.0715261772274971
1,1,0.11759305000305176
2,2,0.08510386943817139
3,3,-0.0050653195939958096
4,4,-0.10295011103153229
5,5,-0.22389140725135803
6,6,-0.22780205309391022
7,7,-0.2492246925830841
8,8,-0.2650287449359894
9,9,-0.2659112513065338
10,10,-0.30002936720848083
11,11,-0.2155926674604416
12,12,0.08608661592006683
13,13,0.08944617956876755
