,atom_num,mean_weight
0,0,-0.31802308559417725
1,1,-0.42573148012161255
2,2,-0.3455404043197632
3,3,-0.30557525157928467
4,4,-0.3366956412792206
5,5,-0.30524560809135437
6,6,-0.33655914664268494
7,7,-0.24923847615718842
8,8,-0.12936292588710785
9,9,-0.26601922512054443
10,10,-0.3135377764701843
11,11,-0.27207356691360474
12,12,-0.2842232882976532
13,13,-0.29262977838516235
14,14,-0.2759768068790436
15,15,-0.2568245530128479
