,atom_num,mean_weight
0,0,-0.09647785127162933
1,1,-0.1357058584690094
2,2,-0.09004411101341248
3,3,-0.04998026415705681
4,4,-0.049980275332927704
5,5,-0.17009520530700684
6,6,-0.2148955762386322
7,7,-0.2632005214691162
8,8,-0.28526729345321655
9,9,-0.3507782518863678
10,10,-0.302526593208313
11,11,-0.30716052651405334
12,12,-0.3067616820335388
13,13,-0.30716052651405334
14,14,-0.302526593208313
