,atom_num,mean_weight
0,0,-0.191249817609787
1,1,-0.2584826350212097
2,2,-0.1786816120147705
3,3,-0.1335926204919815
4,4,-0.14377591013908386
5,5,-0.22259819507598877
6,6,-0.21919916570186615
7,7,-0.1672481894493103
8,8,-0.06804375350475311
