,atom_num,mean_weight
0,0,-0.3170560300350189
1,1,-0.3871876001358032
2,2,-0.3186821937561035
3,3,-0.30172306299209595
4,4,-0.14899641275405884
5,5,-0.0561194121837616
6,6,0.013853264972567558
7,7,0.029619211331009865
8,8,0.023414839059114456
9,9,-0.18906322121620178
10,10,-0.14596529304981232
11,11,-0.1402841955423355
12,12,-0.08682908117771149
13,13,-0.1302361935377121
14,14,-0.18514835834503174
15,15,-0.23885712027549744
16,16,-0.21377721428871155
17,17,-0.19553124904632568
