,atom_num,mean_weight
0,0,-0.13313502073287964
1,1,-0.15730012953281403
2,2,-0.15777145326137543
3,3,-0.1709921956062317
4,4,-0.11565598845481873
5,5,-0.17068783938884735
6,6,-0.14060628414154053
7,7,-0.12414480000734329
8,8,-0.12977007031440735
9,9,-0.12414480745792389
10,10,-0.14060629904270172
11,11,-0.07569129765033722
