,atom_num,mean_weight
0,0,-0.15706200897693634
1,1,-0.18080657720565796
2,2,-0.2219310998916626
3,3,-0.27446210384368896
4,4,-0.2095824033021927
5,5,-0.2219310700893402
6,6,-0.18080654740333557
7,7,-0.15706200897693634
8,8,-0.2821114659309387
9,9,-0.35731029510498047
10,10,-0.34985965490341187
11,11,-0.4437558352947235
12,12,-0.4774608016014099
13,13,-0.3843722641468048
14,14,-0.4247687757015228
15,15,-0.293293833732605
16,16,-0.3308767080307007
17,17,-0.32061150670051575
