,atom_num,mean_weight
0,0,-0.3147970736026764
1,1,-0.43047675490379333
2,2,-0.33044373989105225
3,3,-0.2730742394924164
4,4,-0.28472083806991577
5,5,-0.3883603811264038
6,6,-0.36951112747192383
7,7,-0.29224666953086853
8,8,-0.13904206454753876
9,9,-0.11735948175191879
10,10,-0.14101774990558624
11,11,-0.10235782712697983
12,12,-0.013277254067361355
13,13,0.01800847053527832
14,14,0.016083847731351852
