,atom_num,mean_weight
0,0,-0.06131000444293022
1,1,-0.09106658399105072
2,2,-0.06009112298488617
3,3,-0.06188283860683441
4,4,-0.025615300983190536
5,5,-0.09958846867084503
6,6,-0.09587090462446213
7,7,-0.08198828995227814
8,8,-0.16796055436134338
9,9,-0.17867757380008698
10,10,-0.20119589567184448
11,11,-0.21070456504821777
12,12,-0.20119589567184448
13,13,-0.17867758870124817
