,atom_num,mean_weight
0,0,-0.16947293281555176
1,1,-0.19980350136756897
2,2,-0.21131086349487305
3,3,-0.24683526158332825
4,4,-0.22339722514152527
5,5,-0.25508537888526917
6,6,-0.31686198711395264
7,7,-0.40477824211120605
8,8,-0.30932024121284485
9,9,-0.34983086585998535
10,10,-0.2301066666841507
11,11,-0.25268083810806274
12,12,-0.18745842576026917
13,13,-0.18745842576026917
