,atom_num,mean_weight
0,0,-0.1344924420118332
1,1,-0.19659516215324402
2,2,-0.21704120934009552
3,3,-0.22967131435871124
4,4,-0.2635006904602051
5,5,-0.21472251415252686
6,6,-0.19449041783809662
7,7,-0.20078808069229126
8,8,-0.19449040293693542
9,9,-0.21472255885601044
10,10,-0.16516123712062836
11,11,-0.10416919738054276
12,12,-0.10416532307863235
13,13,-0.1344924420118332
