,atom_num,mean_weight
0,0,-0.1541108787059784
1,1,-0.20710867643356323
2,2,-0.13275237381458282
3,3,-0.07926008105278015
4,4,-0.07363980263471603
5,5,-0.08786605298519135
6,6,-0.07786641269922256
7,7,-0.08527158200740814
8,8,-0.061814889311790466
9,9,-0.1083277016878128
10,10,-0.07644153386354446
11,11,-0.08076468855142593
12,12,-0.07294729351997375
13,13,-0.022421427071094513
14,14,-0.06858357787132263
15,15,-0.1541108936071396
