,atom_num,mean_weight
0,0,-0.23174406588077545
1,1,-0.32270485162734985
2,2,-0.2845183312892914
3,3,-0.27404725551605225
4,4,-0.3031539022922516
5,5,-0.19782431423664093
6,6,-0.0898040384054184
7,7,-0.21090787649154663
8,8,-0.41874685883522034
9,9,-0.29598677158355713
10,10,-0.2959868013858795
