,atom_num,mean_weight
0,0,-0.001553751528263092
1,1,-0.03271637111902237
2,2,-0.08712269365787506
3,3,-0.17956115305423737
4,4,-0.1934909224510193
5,5,-0.20889998972415924
6,6,-0.21927469968795776
7,7,-0.20889998972415924
8,8,-0.1934909224510193
9,9,-0.04908803105354309
10,10,-0.12325454503297806
11,11,-0.15051552653312683
12,12,-0.2025606632232666
13,13,-0.21846193075180054
14,14,-0.2025606334209442
15,15,-0.15051554143428802
