,atom_num,mean_weight
0,0,-0.21511691808700562
1,1,-0.22221848368644714
2,2,-0.1537424474954605
3,3,-0.042662978172302246
4,4,-0.0064765638671815395
5,5,-0.01400192454457283
6,6,-0.01688477210700512
7,7,-0.00649707717821002
8,8,-0.014001928269863129
9,9,-0.04266298934817314
10,10,-0.006476573646068573
11,11,-0.22694902122020721
12,12,-0.23485997319221497
13,13,-0.2600342631340027
14,14,-0.2704799175262451
15,15,-0.2600342333316803
16,16,-0.23485998809337616
