,atom_num,mean_weight
0,0,-0.03602558746933937
1,1,-0.0327591672539711
2,2,-0.052219126373529434
3,3,-0.05701802298426628
4,4,-0.11096560955047607
5,5,-0.08688266575336456
6,6,-0.04704277217388153
7,7,-0.12318079173564911
8,8,-0.12777864933013916
9,9,-0.1447722613811493
10,10,-0.1127232164144516
