,atom_num,mean_weight
0,0,-0.17737630009651184
1,1,-0.16155576705932617
2,2,-0.05233587324619293
3,3,0.05824749171733856
4,4,0.05824749916791916
5,5,-0.05233588069677353
6,6,-0.16155578196048737
7,7,-0.17737628519535065
8,8,-0.015401328913867474
9,9,0.06825711578130722
10,10,0.06825712323188782
11,11,-0.015401327982544899
