,atom_num,mean_weight
0,0,-0.33639582991600037
1,1,-0.47138065099716187
2,2,-0.3881979286670685
3,3,-0.36823639273643494
4,4,-0.37089478969573975
5,5,-0.43795597553253174
6,6,-0.395865261554718
7,7,-0.43795594573020935
8,8,-0.37089481949806213
9,9,-0.36823636293411255
10,10,-0.38819798827171326
11,11,-0.47138068079948425
12,12,-0.39586538076400757
13,13,-0.336395800113678
