,atom_num,mean_weight
0,0,-0.10348063707351685
1,1,-0.16268290579319
2,2,-0.16766934096813202
3,3,-0.20854473114013672
4,4,-0.2801569998264313
5,5,-0.2652030885219574
6,6,-0.29109954833984375
7,7,-0.36196252703666687
8,8,-0.29109954833984375
9,9,-0.2652030885219574
10,10,-0.2559862732887268
