,atom_num,mean_weight
0,0,-0.29767298698425293
1,1,-0.4030407667160034
2,2,-0.3363659083843231
3,3,-0.3069152534008026
4,4,-0.32917654514312744
5,5,-0.28507521748542786
6,6,-0.3040813207626343
7,7,-0.21172738075256348
8,8,-0.11850316822528839
9,9,-0.19496983289718628
10,10,-0.17387501895427704
11,11,-0.1584470272064209
12,12,-0.1464541107416153
13,13,-0.13486967980861664
14,14,-0.20948436856269836
15,15,-0.2375834882259369
16,16,-0.2785089612007141
