,atom_num,mean_weight
0,0,-0.09656602889299393
1,1,-0.1330031454563141
2,2,-0.14712169766426086
3,3,-0.1234944760799408
4,4,-0.09966832399368286
5,5,-0.03801361843943596
6,6,-0.09855426102876663
7,7,-0.13545477390289307
8,8,-0.09147300571203232
9,9,-0.07591760158538818
10,10,-0.11925622820854187
11,11,-0.13692235946655273
12,12,-0.12397907674312592
