,atom_num,mean_weight
0,0,0.014415272511541843
1,1,-0.01076421607285738
2,2,-0.03231541067361832
3,3,-0.05537382513284683
4,4,-0.07240836322307587
5,5,-0.04901595786213875
6,6,-0.04365687072277069
7,7,-0.019926223903894424
8,8,-0.09222172200679779
9,9,-0.14454156160354614
10,10,-0.1993093490600586
11,11,-0.1772911101579666
12,12,-0.14975088834762573
13,13,-0.08356697112321854
14,14,-0.06575724482536316
15,15,-0.06788557767868042
16,16,-0.028188923373818398
