,atom_num,mean_weight
0,0,-0.33839645981788635
1,1,-0.4914368689060211
2,2,-0.3995959162712097
3,3,-0.3846503496170044
4,4,-0.4453717768192291
5,5,-0.4031859040260315
6,6,-0.49441659450531006
7,7,-0.3455290198326111
8,8,-0.47109103202819824
9,9,-0.4928146004676819
10,10,-0.3525002598762512
11,11,-0.4342010021209717
12,12,-0.5106936693191528
13,13,-0.5169543027877808
14,14,-0.49337512254714966
15,15,-0.3424626290798187
16,16,-0.3542622923851013
17,17,-0.3531690835952759
