,atom_num,mean_weight
0,0,0.22157734632492065
1,1,0.23827669024467468
2,2,0.15849275887012482
3,3,0.050267916172742844
4,4,-0.030313849449157715
5,5,-0.12126138061285019
6,6,-0.1575494259595871
7,7,-0.1575494408607483
8,8,-0.121261365711689
9,9,-0.030313853174448013
10,10,-0.10984206199645996
11,11,-0.09295349568128586
12,12,-0.03384639695286751
13,13,-0.11644279211759567
14,14,-0.11600152403116226
