,atom_num,mean_weight
0,0,-0.009661471471190453
1,1,-0.04845175892114639
2,2,-0.09348521381616592
3,3,-0.10504599660634995
4,4,-0.07067865133285522
5,5,-0.10887014865875244
6,6,-0.10721606016159058
7,7,-0.11223109066486359
8,8,-0.0658484473824501
9,9,0.061125725507736206
10,10,0.09481513500213623
11,11,0.05307991802692413
12,12,-0.03838591277599335
13,13,-0.047202832996845245
14,14,-0.047202832996845245
15,15,-0.047202832996845245
16,16,0.07743744552135468
