,atom_num,mean_weight
0,0,-0.34920549392700195
1,1,-0.41867682337760925
2,2,-0.3986497223377228
3,3,-0.23839479684829712
4,4,-0.1697525829076767
5,5,-0.17288804054260254
6,6,-0.14339806139469147
7,7,-0.17370763421058655
8,8,-0.17012447118759155
9,9,-0.08869519084692001
10,10,-0.2395196557044983
11,11,-0.1727318912744522
12,12,-0.17298710346221924
13,13,-0.1942608803510666
14,14,-0.13139531016349792
15,15,-0.13180182874202728
16,16,-0.28123971819877625
