,atom_num,mean_weight
0,0,-0.050917185842990875
1,1,-0.08765573799610138
2,2,-0.050917185842990875
3,3,-0.12415158748626709
4,4,-0.08634268492460251
5,5,-0.16243405640125275
6,6,-0.261410117149353
7,7,-0.29353535175323486
8,8,-0.41069453954696655
9,9,-0.4216889441013336
10,10,-0.3116317391395569
11,11,-0.2659086287021637
12,12,-0.3017086088657379
13,13,-0.29791876673698425
