,atom_num,mean_weight
0,0,-0.12636345624923706
1,1,-0.20050328969955444
2,2,-0.20316019654273987
3,3,-0.22892308235168457
4,4,-0.207985520362854
5,5,-0.18504129350185394
6,6,-0.09303087741136551
7,7,-0.1528548300266266
8,8,-0.08824224025011063
9,9,-0.023067239671945572
10,10,-0.13090883195400238
