,atom_num,mean_weight
0,0,-0.16231250762939453
1,1,-0.2203751802444458
2,2,-0.20587030053138733
3,3,-0.19335566461086273
4,4,-0.22469712793827057
5,5,-0.19696548581123352
6,6,-0.24042117595672607
7,7,-0.21618697047233582
8,8,-0.22540628910064697
9,9,-0.23003166913986206
10,10,-0.22540631890296936
11,11,-0.21618697047233582
