,atom_num,mean_weight
0,0,-0.34922534227371216
1,1,-0.4298078119754791
2,2,-0.37160757184028625
3,3,-0.35698509216308594
4,4,-0.3038237690925598
5,5,-0.31260737776756287
6,6,-0.33424174785614014
7,7,-0.4004451036453247
8,8,-0.31188294291496277
9,9,-0.15449738502502441
10,10,-0.05926504731178284
11,11,0.03589385747909546
12,12,0.058224789798259735
13,13,0.06290807574987411
14,14,0.040857404470443726
15,15,-0.30633002519607544
