,atom_num,mean_weight
0,0,-0.123078852891922
1,1,-0.2153865396976471
2,2,-0.24461066722869873
3,3,-0.252309650182724
4,4,-0.2776634097099304
5,5,-0.2776634097099304
6,6,-0.252309650182724
7,7,-0.24461065232753754
8,8,-0.2153865396976471
9,9,-0.123078852891922
10,10,-0.24461068212985992
11,11,-0.24461069703102112
12,12,-0.252309650182724
13,13,-0.2776634097099304
14,14,-0.2776634097099304
15,15,-0.2523096799850464
