,atom_num,mean_weight
0,0,-0.4546698033809662
1,1,-0.5726721882820129
2,2,-0.5393532514572144
3,3,-0.5114644169807434
4,4,-0.49774986505508423
5,5,-0.49167686700820923
6,6,-0.4864805042743683
7,7,-0.4804624915122986
8,8,-0.46596843004226685
9,9,-0.4361732602119446
10,10,-0.38139572739601135
11,11,-0.3034786880016327
12,12,-0.21119853854179382
13,13,-0.12700465321540833
14,14,-0.0805128738284111
15,15,-0.04453202709555626
16,16,-0.04438438639044762
