,atom_num,mean_weight
0,0,0.04078033193945885
1,1,0.02034405618906021
2,2,-0.009371411055326462
3,3,-0.08326790481805801
4,4,-0.11018165946006775
5,5,-0.14262282848358154
6,6,-0.14262282848358154
7,7,-0.11018165946006775
8,8,-0.020467320457100868
9,9,-0.10271762311458588
10,10,-0.2113361805677414
11,11,-0.2234448492527008
12,12,-0.2532276213169098
13,13,-0.2628951072692871
14,14,-0.2532276213169098
15,15,-0.223444864153862
