,atom_num,mean_weight
0,0,-0.04514128714799881
1,1,-0.06219717115163803
2,2,-0.04040571302175522
3,3,-0.11052300035953522
4,4,-0.17535565793514252
5,5,-0.19757114350795746
6,6,-0.21742916107177734
7,7,-0.21680381894111633
8,8,-0.19191387295722961
9,9,-0.18351303040981293
10,10,-0.16019150614738464
11,11,-0.10296089947223663
12,12,-0.10298225283622742
