,atom_num,mean_weight
0,0,-0.2789880335330963
1,1,-0.4128021001815796
2,2,-0.32584333419799805
3,3,-0.31358641386032104
4,4,-0.3121705651283264
5,5,-0.33411988615989685
6,6,-0.41626879572868347
7,7,-0.29836270213127136
