,atom_num,mean_weight
0,0,-0.25573188066482544
1,1,-0.2847329080104828
2,2,-0.18330369889736176
3,3,-0.0820598378777504
4,4,-0.0238028671592474
5,5,-0.0820598378777504
6,6,-0.18330369889736176
7,7,-0.2847329080104828
8,8,-0.25573188066482544
