,atom_num,mean_weight
0,0,-0.33875730633735657
1,1,-0.4105352461338043
2,2,-0.4256269037723541
3,3,-0.3405025005340576
4,4,-0.3325115740299225
5,5,-0.3930840492248535
6,6,-0.403514564037323
7,7,-0.3522668480873108
8,8,-0.3522779643535614
9,9,-0.3521984815597534
10,10,-0.3472154140472412
11,11,-0.33946704864501953
