,atom_num,mean_weight
0,0,-0.10502621531486511
1,1,-0.1722409427165985
2,2,-0.18612147867679596
3,3,-0.19761577248573303
4,4,-0.21333864331245422
5,5,-0.21305546164512634
6,6,-0.18887561559677124
7,7,-0.19632133841514587
8,8,-0.12385549396276474
9,9,-0.16828835010528564
10,10,-0.2494739294052124
11,11,-0.25089308619499207
12,12,-0.28692111372947693
13,13,-0.30495595932006836
14,14,-0.2869211435317993
15,15,-0.25089311599731445
