,atom_num,mean_weight
0,0,0.05601340904831886
1,1,0.04402850195765495
2,2,-0.0011111905332654715
3,3,-0.03810908645391464
4,4,-0.09649137407541275
5,5,-0.05275688320398331
6,6,-0.16175781190395355
7,7,-0.1945510357618332
8,8,-0.2360733151435852
9,9,-0.20723885297775269
10,10,-0.17285768687725067
11,11,-0.13960982859134674
