,atom_num,mean_weight
0,0,-0.15311847627162933
1,1,-0.2031589150428772
2,2,-0.1371234506368637
3,3,-0.0599009171128273
4,4,-0.016426049172878265
5,5,-0.034768495708703995
6,6,-0.08299634605646133
7,7,-0.040551621466875076
8,8,-0.170893594622612
9,9,-0.15674038231372833
10,10,-0.11358953267335892
11,11,-0.3027768135070801
12,12,-0.31737038493156433
13,13,-0.3561778664588928
14,14,-0.37322089076042175
15,15,-0.3561778962612152
16,16,-0.31737035512924194
17,17,-0.15311850607395172
