,atom_num,mean_weight
0,0,-0.2479885220527649
1,1,-0.34730061888694763
2,2,-0.28992974758148193
3,3,-0.2721090614795685
4,4,-0.30992287397384644
5,5,-0.27447646856307983
6,6,-0.2815709710121155
7,7,-0.2347842901945114
8,8,-0.12268729507923126
9,9,-0.2615257203578949
10,10,-0.3092935383319855
11,11,-0.2623392641544342
12,12,-0.28336361050605774
13,13,-0.29239422082901
14,14,-0.2756982743740082
15,15,-0.2554355263710022
