,atom_num,mean_weight
0,0,-0.08147422969341278
1,1,-0.10661058127880096
2,2,-0.13450095057487488
3,3,-0.15592403709888458
4,4,-0.16484089195728302
5,5,-0.16577860713005066
6,6,-0.11577020585536957
7,7,-0.10831840336322784
8,8,-0.0527004711329937
9,9,-0.15705907344818115
10,10,-0.102164126932621
11,11,-0.10224049538373947
