,atom_num,mean_weight
0,0,-0.46156778931617737
1,1,-0.5838863849639893
2,2,-0.5546289682388306
3,3,-0.5368812680244446
4,4,-0.5482818484306335
5,5,-0.5730174779891968
6,6,-0.4555680751800537
