,atom_num,mean_weight
0,0,-0.44517937302589417
1,1,-0.5526822805404663
2,2,-0.4969542622566223
3,3,-0.42679426074028015
4,4,-0.3516150116920471
5,5,-0.2707180976867676
6,6,-0.1910219043493271
7,7,-0.15912212431430817
8,8,-0.08641234785318375
9,9,-0.1355101615190506
10,10,-0.11211945116519928
