,atom_num,mean_weight
0,0,-0.06861812621355057
1,1,-0.15465690195560455
2,2,-0.08645720779895782
3,3,-0.09012869000434875
4,4,-0.1554345041513443
5,5,-0.18915210664272308
6,6,-0.0962475836277008
7,7,-0.22804494202136993
8,8,-0.2223271280527115
9,9,-0.22014905512332916
10,10,-0.21986378729343414
11,11,-0.23402822017669678
12,12,-0.242008239030838
13,13,-0.23402820527553558
14,14,-0.21986378729343414
