,atom_num,mean_weight
0,0,-0.022705119103193283
1,1,-0.06181984767317772
2,2,-0.04489445313811302
3,3,-0.08965446054935455
4,4,-0.14480724930763245
5,5,-0.0828511044383049
6,6,-0.22459757328033447
7,7,-0.21778813004493713
8,8,-0.2304135411977768
9,9,-0.23534932732582092
10,10,-0.2304135411977768
11,11,-0.2177881896495819
