,atom_num,mean_weight
0,0,-0.11564139276742935
1,1,-0.15942279994487762
2,2,-0.21194306015968323
3,3,-0.1968393623828888
4,4,-0.1903073489665985
5,5,-0.19087783992290497
6,6,-0.19030730426311493
7,7,-0.1968393623828888
8,8,-0.09279262274503708
9,9,-0.04364935681223869
10,10,-0.013116247020661831
11,11,-0.018097249791026115
