,atom_num,mean_weight
0,0,-0.3201979100704193
1,1,-0.3546285629272461
2,2,-0.3608807921409607
3,3,-0.18090884387493134
4,4,-0.12478208541870117
5,5,-0.08079616725444794
6,6,-0.047727085649967194
7,7,-0.05435898154973984
8,8,-0.18090885877609253
9,9,-0.12478209286928177
10,10,-0.08079615980386734
11,11,-0.0477270781993866
12,12,-0.05435897409915924
13,13,-0.3546285331249237
14,14,-0.3201979100704193
