,atom_num,mean_weight
0,0,-0.1923467218875885
1,1,-0.2292943000793457
2,2,-0.22683265805244446
3,3,-0.11756298691034317
4,4,-0.0600268617272377
5,5,-0.05391687899827957
6,6,-0.03754015639424324
7,7,-0.013161014765501022
8,8,-0.019909847527742386
9,9,-0.2765663266181946
10,10,-0.3730727732181549
11,11,-0.4540746510028839
12,12,-0.3773042559623718
