,atom_num,mean_weight
0,0,-0.12264672666788101
1,1,-0.18329183757305145
2,2,-0.13274993002414703
3,3,-0.15248146653175354
4,4,-0.12056909501552582
5,5,-0.09443601965904236
6,6,-0.19058454036712646
7,7,-0.18977046012878418
8,8,-0.21572719514369965
9,9,-0.22597557306289673
10,10,-0.21572721004486084
11,11,-0.1897704154253006
12,12,-0.2189050018787384
13,13,-0.21070078015327454
14,14,-0.23390468955039978
15,15,-0.24396264553070068
16,16,-0.233904629945755
17,17,-0.21070075035095215
