,atom_num,mean_weight
0,0,-0.09839953482151031
1,1,-0.13897939026355743
2,2,-0.09839953482151031
3,3,-0.16199883818626404
4,4,-0.15675626695156097
5,5,-0.22419022023677826
6,6,-0.23319919407367706
7,7,-0.25254327058792114
8,8,-0.24237200617790222
9,9,-0.21426935493946075
10,10,-0.2198319435119629
11,11,-0.20852236449718475
12,12,-0.19709773361682892
13,13,-0.20035938918590546
14,14,-0.21787631511688232
15,15,-0.14601817727088928
16,16,-0.18589146435260773
