,atom_num,mean_weight
0,0,-0.20379631221294403
1,1,-0.23440644145011902
2,2,-0.18427631258964539
3,3,-0.1386001706123352
4,4,-0.1357070356607437
5,5,-0.20388972759246826
6,6,-0.19273731112480164
7,7,-0.20502008497714996
8,8,-0.2347167730331421
9,9,-0.21127338707447052
10,10,-0.2557620406150818
11,11,-0.322036474943161
12,12,-0.2141319364309311
13,13,-0.2119554877281189
14,14,-0.24237307906150818
15,15,-0.10371963679790497
16,16,-0.14944268763065338
17,17,-0.14974069595336914
