,atom_num,mean_weight
0,0,-0.11281029880046844
1,1,-0.25783297419548035
2,2,-0.16069567203521729
3,3,-0.16099366545677185
4,4,-0.23697923123836517
5,5,-0.19878606498241425
6,6,-0.2335938811302185
7,7,-0.21310485899448395
8,8,-0.2154865860939026
9,9,-0.23559749126434326
10,10,-0.21526873111724854
11,11,-0.2522311806678772
12,12,-0.3317227363586426
13,13,-0.24356867372989655
14,14,-0.2522311806678772
15,15,-0.21526874601840973
