,atom_num,mean_weight
0,0,-0.2846434712409973
1,1,-0.3737790882587433
2,2,-0.35001906752586365
3,3,-0.28968289494514465
4,4,-0.34516578912734985
5,5,-0.2906302213668823
6,6,-0.289375901222229
7,7,-0.234785258769989
8,8,-0.26317098736763
9,9,-0.15892986953258514
10,10,-0.15999166667461395
